window_id,window_start_utc,window_end_utc,second_in_window,timestamp,datetime_utc,up_cents,down_cents,btc_price_usd,market_slug,up_token_id,down_token_id
1773902100,2026-03-19 06:30:00 UTC,2026-03-19 06:35:00 UTC,71,1773901871,2026-03-19 06:31:11 UTC,70.5,29.5,70758.98,btc-updown-5m-1773901800,3839770525058904782371158074703495872594580995415957728874275490225403429748,64188467362977286402662692565311743531875482545837492827189463523752835954949
1773902100,2026-03-19 06:30:00 UTC,2026-03-19 06:35:00 UTC,72,1773901872,2026-03-19 06:31:12 UTC,69.5,30.5,70758.98,btc-updown-5m-1773901800,3839770525058904782371158074703495872594580995415957728874275490225403429748,64188467362977286402662692565311743531875482545837492827189463523752835954949
1773902100,2026-03-19 06:30:00 UTC,2026-03-19 06:35:00 UTC,73,1773901873,2026-03-19 06:31:13 UTC,69.5,30.5,70758.97,btc-updown-5m-1773901800,3839770525058904782371158074703495872594580995415957728874275490225403429748,64188467362977286402662692565311743531875482545837492827189463523752835954949
1773902100,2026-03-19 06:30:00 UTC,2026-03-19 06:35:00 UTC,74,1773901874,2026-03-19 06:31:14 UTC,69.5,30.5,70758.97,btc-updown-5m-1773901800,3839770525058904782371158074703495872594580995415957728874275490225403429748,64188467362977286402662692565311743531875482545837492827189463523752835954949
1773902100,2026-03-19 06:30:00 UTC,2026-03-19 06:35:00 UTC,75,1773901875,2026-03-19 06:31:15 UTC,69.0,31.5,70758.97,btc-updown-5m-1773901800,3839770525058904782371158074703495872594580995415957728874275490225403429748,64188467362977286402662692565311743531875482545837492827189463523752835954949
1773902100,2026-03-19 06:30:00 UTC,2026-03-19 06:35:00 UTC,76,1773901876,2026-03-19 06:31:16 UTC,66.5,35.5,70754.66,btc-updown-5m-1773901800,3839770525058904782371158074703495872594580995415957728874275490225403429748,64188467362977286402662692565311743531875482545837492827189463523752835954949
1773902100,2026-03-19 06:30:00 UTC,2026-03-19 06:35:00 UTC,77,1773901877,2026-03-19 06:31:17 UTC,64.0,36.5,70754.65,btc-updown-5m-1773901800,3839770525058904782371158074703495872594580995415957728874275490225403429748,64188467362977286402662692565311743531875482545837492827189463523752835954949
1773902100,2026-03-19 06:30:00 UTC,2026-03-19 06:35:00 UTC,78,1773901878,2026-03-19 06:31:18 UTC,63.5,36.5,70754.65,btc-updown-5m-1773901800,3839770525058904782371158074703495872594580995415957728874275490225403429748,64188467362977286402662692565311743531875482545837492827189463523752835954949
1773902100,2026-03-19 06:30:00 UTC,2026-03-19 06:35:00 UTC,79,1773901879,2026-03-19 06:31:19 UTC,62.0,39.5,70748.61,btc-updown-5m-1773901800,3839770525058904782371158074703495872594580995415957728874275490225403429748,64188467362977286402662692565311743531875482545837492827189463523752835954949
1773902100,2026-03-19 06:30:00 UTC,2026-03-19 06:35:00 UTC,80,1773901880,2026-03-19 06:31:20 UTC,58.5,40.0,70748.6,btc-updown-5m-1773901800,3839770525058904782371158074703495872594580995415957728874275490225403429748,64188467362977286402662692565311743531875482545837492827189463523752835954949
1773902100,2026-03-19 06:30:00 UTC,2026-03-19 06:35:00 UTC,81,1773901881,2026-03-19 06:31:21 UTC,59.5,40.5,70742.8,btc-updown-5m-1773901800,3839770525058904782371158074703495872594580995415957728874275490225403429748,64188467362977286402662692565311743531875482545837492827189463523752835954949
1773902100,2026-03-19 06:30:00 UTC,2026-03-19 06:35:00 UTC,82,1773901882,2026-03-19 06:31:22 UTC,51.0,48.5,70742.81,btc-updown-5m-1773901800,3839770525058904782371158074703495872594580995415957728874275490225403429748,64188467362977286402662692565311743531875482545837492827189463523752835954949
1773902100,2026-03-19 06:30:00 UTC,2026-03-19 06:35:00 UTC,83,1773901883,2026-03-19 06:31:23 UTC,52.5,46.0,70742.8,btc-updown-5m-1773901800,3839770525058904782371158074703495872594580995415957728874275490225403429748,64188467362977286402662692565311743531875482545837492827189463523752835954949
1773902100,2026-03-19 06:30:00 UTC,2026-03-19 06:35:00 UTC,84,1773901884,2026-03-19 06:31:24 UTC,54.5,45.5,70742.81,btc-updown-5m-1773901800,3839770525058904782371158074703495872594580995415957728874275490225403429748,64188467362977286402662692565311743531875482545837492827189463523752835954949
1773902100,2026-03-19 06:30:00 UTC,2026-03-19 06:35:00 UTC,85,1773901885,2026-03-19 06:31:25 UTC,56.5,44.5,70742.8,btc-updown-5m-1773901800,3839770525058904782371158074703495872594580995415957728874275490225403429748,64188467362977286402662692565311743531875482545837492827189463523752835954949
1773902100,2026-03-19 06:30:00 UTC,2026-03-19 06:35:00 UTC,86,1773901886,2026-03-19 06:31:26 UTC,55.5,44.5,70742.59,btc-updown-5m-1773901800,3839770525058904782371158074703495872594580995415957728874275490225403429748,64188467362977286402662692565311743531875482545837492827189463523752835954949
1773902100,2026-03-19 06:30:00 UTC,2026-03-19 06:35:00 UTC,87,1773901887,2026-03-19 06:31:27 UTC,52.5,47.5,70737.14,btc-updown-5m-1773901800,3839770525058904782371158074703495872594580995415957728874275490225403429748,64188467362977286402662692565311743531875482545837492827189463523752835954949
1773902100,2026-03-19 06:30:00 UTC,2026-03-19 06:35:00 UTC,88,1773901888,2026-03-19 06:31:28 UTC,50.5,49.5,70737.13,btc-updown-5m-1773901800,3839770525058904782371158074703495872594580995415957728874275490225403429748,64188467362977286402662692565311743531875482545837492827189463523752835954949
1773902100,2026-03-19 06:30:00 UTC,2026-03-19 06:35:00 UTC,89,1773901889,2026-03-19 06:31:29 UTC,50.5,48.5,70737.13,btc-updown-5m-1773901800,3839770525058904782371158074703495872594580995415957728874275490225403429748,64188467362977286402662692565311743531875482545837492827189463523752835954949
1773902100,2026-03-19 06:30:00 UTC,2026-03-19 06:35:00 UTC,90,1773901890,2026-03-19 06:31:30 UTC,51.5,48.5,70737.14,btc-updown-5m-1773901800,3839770525058904782371158074703495872594580995415957728874275490225403429748,64188467362977286402662692565311743531875482545837492827189463523752835954949
1773902100,2026-03-19 06:30:00 UTC,2026-03-19 06:35:00 UTC,91,1773901891,2026-03-19 06:31:31 UTC,51.5,48.0,70737.14,btc-updown-5m-1773901800,3839770525058904782371158074703495872594580995415957728874275490225403429748,64188467362977286402662692565311743531875482545837492827189463523752835954949
1773902100,2026-03-19 06:30:00 UTC,2026-03-19 06:35:00 UTC,92,1773901892,2026-03-19 06:31:32 UTC,51.5,47.5,70737.13,btc-updown-5m-1773901800,3839770525058904782371158074703495872594580995415957728874275490225403429748,64188467362977286402662692565311743531875482545837492827189463523752835954949
1773902100,2026-03-19 06:30:00 UTC,2026-03-19 06:35:00 UTC,93,1773901893,2026-03-19 06:31:33 UTC,52.5,47.5,70737.13,btc-updown-5m-1773901800,3839770525058904782371158074703495872594580995415957728874275490225403429748,64188467362977286402662692565311743531875482545837492827189463523752835954949
1773902100,2026-03-19 06:30:00 UTC,2026-03-19 06:35:00 UTC,94,1773901894,2026-03-19 06:31:34 UTC,54.5,45.5,70737.13,btc-updown-5m-1773901800,3839770525058904782371158074703495872594580995415957728874275490225403429748,64188467362977286402662692565311743531875482545837492827189463523752835954949
1773902100,2026-03-19 06:30:00 UTC,2026-03-19 06:35:00 UTC,95,1773901895,2026-03-19 06:31:35 UTC,54.5,45.5,70737.13,btc-updown-5m-1773901800,3839770525058904782371158074703495872594580995415957728874275490225403429748,64188467362977286402662692565311743531875482545837492827189463523752835954949
1773902100,2026-03-19 06:30:00 UTC,2026-03-19 06:35:00 UTC,96,1773901896,2026-03-19 06:31:36 UTC,56.0,41.5,70737.13,btc-updown-5m-1773901800,3839770525058904782371158074703495872594580995415957728874275490225403429748,64188467362977286402662692565311743531875482545837492827189463523752835954949
1773902100,2026-03-19 06:30:00 UTC,2026-03-19 06:35:00 UTC,97,1773901897,2026-03-19 06:31:37 UTC,58.5,41.5,70742.78,btc-updown-5m-1773901800,3839770525058904782371158074703495872594580995415957728874275490225403429748,64188467362977286402662692565311743531875482545837492827189463523752835954949
1773902100,2026-03-19 06:30:00 UTC,2026-03-19 06:35:00 UTC,98,1773901898,2026-03-19 06:31:38 UTC,62.5,37.5,70742.79,btc-updown-5m-1773901800,3839770525058904782371158074703495872594580995415957728874275490225403429748,64188467362977286402662692565311743531875482545837492827189463523752835954949
1773902100,2026-03-19 06:30:00 UTC,2026-03-19 06:35:00 UTC,99,1773901899,2026-03-19 06:31:39 UTC,62.5,37.5,70742.78,btc-updown-5m-1773901800,3839770525058904782371158074703495872594580995415957728874275490225403429748,64188467362977286402662692565311743531875482545837492827189463523752835954949
1773902100,2026-03-19 06:30:00 UTC,2026-03-19 06:35:00 UTC,100,1773901900,2026-03-19 06:31:40 UTC,60.5,39.5,70742.78,btc-updown-5m-1773901800,3839770525058904782371158074703495872594580995415957728874275490225403429748,64188467362977286402662692565311743531875482545837492827189463523752835954949
1773902100,2026-03-19 06:30:00 UTC,2026-03-19 06:35:00 UTC,101,1773901901,2026-03-19 06:31:41 UTC,56.5,44.5,70740.24,btc-updown-5m-1773901800,3839770525058904782371158074703495872594580995415957728874275490225403429748,64188467362977286402662692565311743531875482545837492827189463523752835954949
1773902100,2026-03-19 06:30:00 UTC,2026-03-19 06:35:00 UTC,102,1773901902,2026-03-19 06:31:42 UTC,53.5,47.5,70737.14,btc-updown-5m-1773901800,3839770525058904782371158074703495872594580995415957728874275490225403429748,64188467362977286402662692565311743531875482545837492827189463523752835954949
1773902100,2026-03-19 06:30:00 UTC,2026-03-19 06:35:00 UTC,103,1773901903,2026-03-19 06:31:43 UTC,50.5,49.5,70737.14,btc-updown-5m-1773901800,3839770525058904782371158074703495872594580995415957728874275490225403429748,64188467362977286402662692565311743531875482545837492827189463523752835954949
1773902100,2026-03-19 06:30:00 UTC,2026-03-19 06:35:00 UTC,104,1773901904,2026-03-19 06:31:44 UTC,51.5,48.5,70737.13,btc-updown-5m-1773901800,3839770525058904782371158074703495872594580995415957728874275490225403429748,64188467362977286402662692565311743531875482545837492827189463523752835954949
1773902100,2026-03-19 06:30:00 UTC,2026-03-19 06:35:00 UTC,105,1773901905,2026-03-19 06:31:45 UTC,50.0,50.5,70737.13,btc-updown-5m-1773901800,3839770525058904782371158074703495872594580995415957728874275490225403429748,64188467362977286402662692565311743531875482545837492827189463523752835954949
1773902100,2026-03-19 06:30:00 UTC,2026-03-19 06:35:00 UTC,106,1773901906,2026-03-19 06:31:46 UTC,50.5,50.5,70737.13,btc-updown-5m-1773901800,3839770525058904782371158074703495872594580995415957728874275490225403429748,64188467362977286402662692565311743531875482545837492827189463523752835954949
1773902100,2026-03-19 06:30:00 UTC,2026-03-19 06:35:00 UTC,107,1773901907,2026-03-19 06:31:47 UTC,49.5,50.5,70737.14,btc-updown-5m-1773901800,3839770525058904782371158074703495872594580995415957728874275490225403429748,64188467362977286402662692565311743531875482545837492827189463523752835954949
1773902100,2026-03-19 06:30:00 UTC,2026-03-19 06:35:00 UTC,108,1773901908,2026-03-19 06:31:48 UTC,49.5,50.5,70737.14,btc-updown-5m-1773901800,3839770525058904782371158074703495872594580995415957728874275490225403429748,64188467362977286402662692565311743531875482545837492827189463523752835954949
1773902100,2026-03-19 06:30:00 UTC,2026-03-19 06:35:00 UTC,109,1773901909,2026-03-19 06:31:49 UTC,49.5,54.5,70731.37,btc-updown-5m-1773901800,3839770525058904782371158074703495872594580995415957728874275490225403429748,64188467362977286402662692565311743531875482545837492827189463523752835954949
1773902100,2026-03-19 06:30:00 UTC,2026-03-19 06:35:00 UTC,110,1773901910,2026-03-19 06:31:50 UTC,43.5,56.5,70731.37,btc-updown-5m-1773901800,3839770525058904782371158074703495872594580995415957728874275490225403429748,64188467362977286402662692565311743531875482545837492827189463523752835954949
1773902100,2026-03-19 06:30:00 UTC,2026-03-19 06:35:00 UTC,111,1773901911,2026-03-19 06:31:51 UTC,43.5,56.5,70731.37,btc-updown-5m-1773901800,3839770525058904782371158074703495872594580995415957728874275490225403429748,64188467362977286402662692565311743531875482545837492827189463523752835954949
1773902100,2026-03-19 06:30:00 UTC,2026-03-19 06:35:00 UTC,112,1773901912,2026-03-19 06:31:52 UTC,43.5,56.5,70730.01,btc-updown-5m-1773901800,3839770525058904782371158074703495872594580995415957728874275490225403429748,64188467362977286402662692565311743531875482545837492827189463523752835954949
1773902100,2026-03-19 06:30:00 UTC,2026-03-19 06:35:00 UTC,113,1773901913,2026-03-19 06:31:53 UTC,43.5,56.5,70730.01,btc-updown-5m-1773901800,3839770525058904782371158074703495872594580995415957728874275490225403429748,64188467362977286402662692565311743531875482545837492827189463523752835954949
1773902100,2026-03-19 06:30:00 UTC,2026-03-19 06:35:00 UTC,114,1773901914,2026-03-19 06:31:54 UTC,43.5,56.5,70730.0,btc-updown-5m-1773901800,3839770525058904782371158074703495872594580995415957728874275490225403429748,64188467362977286402662692565311743531875482545837492827189463523752835954949
1773902100,2026-03-19 06:30:00 UTC,2026-03-19 06:35:00 UTC,115,1773901915,2026-03-19 06:31:55 UTC,43.5,57.5,70723.92,btc-updown-5m-1773901800,3839770525058904782371158074703495872594580995415957728874275490225403429748,64188467362977286402662692565311743531875482545837492827189463523752835954949
1773902100,2026-03-19 06:30:00 UTC,2026-03-19 06:35:00 UTC,116,1773901916,2026-03-19 06:31:56 UTC,42.5,57.5,70723.91,btc-updown-5m-1773901800,3839770525058904782371158074703495872594580995415957728874275490225403429748,64188467362977286402662692565311743531875482545837492827189463523752835954949
1773902100,2026-03-19 06:30:00 UTC,2026-03-19 06:35:00 UTC,117,1773901917,2026-03-19 06:31:57 UTC,40.5,59.5,70723.92,btc-updown-5m-1773901800,3839770525058904782371158074703495872594580995415957728874275490225403429748,64188467362977286402662692565311743531875482545837492827189463523752835954949
1773902100,2026-03-19 06:30:00 UTC,2026-03-19 06:35:00 UTC,118,1773901918,2026-03-19 06:31:58 UTC,40.5,59.5,70723.91,btc-updown-5m-1773901800,3839770525058904782371158074703495872594580995415957728874275490225403429748,64188467362977286402662692565311743531875482545837492827189463523752835954949
1773902100,2026-03-19 06:30:00 UTC,2026-03-19 06:35:00 UTC,119,1773901919,2026-03-19 06:31:59 UTC,40.5,59.5,70723.92,btc-updown-5m-1773901800,3839770525058904782371158074703495872594580995415957728874275490225403429748,64188467362977286402662692565311743531875482545837492827189463523752835954949
1773902100,2026-03-19 06:30:00 UTC,2026-03-19 06:35:00 UTC,120,1773901920,2026-03-19 06:32:00 UTC,40.5,59.5,70723.92,btc-updown-5m-1773901800,3839770525058904782371158074703495872594580995415957728874275490225403429748,64188467362977286402662692565311743531875482545837492827189463523752835954949
1773902100,2026-03-19 06:30:00 UTC,2026-03-19 06:35:00 UTC,121,1773901921,2026-03-19 06:32:01 UTC,38.5,62.5,70722.59,btc-updown-5m-1773901800,3839770525058904782371158074703495872594580995415957728874275490225403429748,64188467362977286402662692565311743531875482545837492827189463523752835954949
1773902100,2026-03-19 06:30:00 UTC,2026-03-19 06:35:00 UTC,122,1773901922,2026-03-19 06:32:02 UTC,38.5,61.5,70722.59,btc-updown-5m-1773901800,3839770525058904782371158074703495872594580995415957728874275490225403429748,64188467362977286402662692565311743531875482545837492827189463523752835954949
1773902100,2026-03-19 06:30:00 UTC,2026-03-19 06:35:00 UTC,123,1773901923,2026-03-19 06:32:03 UTC,37.0,63.5,70715.68,btc-updown-5m-1773901800,3839770525058904782371158074703495872594580995415957728874275490225403429748,64188467362977286402662692565311743531875482545837492827189463523752835954949
1773902100,2026-03-19 06:30:00 UTC,2026-03-19 06:35:00 UTC,124,1773901924,2026-03-19 06:32:04 UTC,33.5,66.5,70715.68,btc-updown-5m-1773901800,3839770525058904782371158074703495872594580995415957728874275490225403429748,64188467362977286402662692565311743531875482545837492827189463523752835954949
1773902100,2026-03-19 06:30:00 UTC,2026-03-19 06:35:00 UTC,125,1773901925,2026-03-19 06:32:05 UTC,33.5,66.5,70715.68,btc-updown-5m-1773901800,3839770525058904782371158074703495872594580995415957728874275490225403429748,64188467362977286402662692565311743531875482545837492827189463523752835954949
1773902100,2026-03-19 06:30:00 UTC,2026-03-19 06:35:00 UTC,126,1773901926,2026-03-19 06:32:06 UTC,33.5,66.5,70715.69,btc-updown-5m-1773901800,3839770525058904782371158074703495872594580995415957728874275490225403429748,64188467362977286402662692565311743531875482545837492827189463523752835954949
1773902100,2026-03-19 06:30:00 UTC,2026-03-19 06:35:00 UTC,127,1773901927,2026-03-19 06:32:07 UTC,30.5,69.5,70710.99,btc-updown-5m-1773901800,3839770525058904782371158074703495872594580995415957728874275490225403429748,64188467362977286402662692565311743531875482545837492827189463523752835954949
1773902100,2026-03-19 06:30:00 UTC,2026-03-19 06:35:00 UTC,128,1773901928,2026-03-19 06:32:08 UTC,28.0,72.0,70710.02,btc-updown-5m-1773901800,3839770525058904782371158074703495872594580995415957728874275490225403429748,64188467362977286402662692565311743531875482545837492827189463523752835954949
1773902100,2026-03-19 06:30:00 UTC,2026-03-19 06:35:00 UTC,129,1773901929,2026-03-19 06:32:09 UTC,27.5,72.5,70710.02,btc-updown-5m-1773901800,3839770525058904782371158074703495872594580995415957728874275490225403429748,64188467362977286402662692565311743531875482545837492827189463523752835954949
1773902100,2026-03-19 06:30:00 UTC,2026-03-19 06:35:00 UTC,130,1773901930,2026-03-19 06:32:10 UTC,27.5,72.5,70710.03,btc-updown-5m-1773901800,3839770525058904782371158074703495872594580995415957728874275490225403429748,64188467362977286402662692565311743531875482545837492827189463523752835954949
1773902100,2026-03-19 06:30:00 UTC,2026-03-19 06:35:00 UTC,131,1773901931,2026-03-19 06:32:11 UTC,28.5,71.5,70710.03,btc-updown-5m-1773901800,3839770525058904782371158074703495872594580995415957728874275490225403429748,64188467362977286402662692565311743531875482545837492827189463523752835954949
1773902100,2026-03-19 06:30:00 UTC,2026-03-19 06:35:00 UTC,132,1773901932,2026-03-19 06:32:12 UTC,29.5,80.5,70691.15,btc-updown-5m-1773901800,3839770525058904782371158074703495872594580995415957728874275490225403429748,64188467362977286402662692565311743531875482545837492827189463523752835954949
1773902100,2026-03-19 06:30:00 UTC,2026-03-19 06:35:00 UTC,133,1773901933,2026-03-19 06:32:13 UTC,16.5,83.5,70691.15,btc-updown-5m-1773901800,3839770525058904782371158074703495872594580995415957728874275490225403429748,64188467362977286402662692565311743531875482545837492827189463523752835954949
1773902100,2026-03-19 06:30:00 UTC,2026-03-19 06:35:00 UTC,134,1773901934,2026-03-19 06:32:14 UTC,17.0,84.0,70691.16,btc-updown-5m-1773901800,3839770525058904782371158074703495872594580995415957728874275490225403429748,64188467362977286402662692565311743531875482545837492827189463523752835954949
1773902100,2026-03-19 06:30:00 UTC,2026-03-19 06:35:00 UTC,135,1773901935,2026-03-19 06:32:15 UTC,17.5,81.5,70691.16,btc-updown-5m-1773901800,3839770525058904782371158074703495872594580995415957728874275490225403429748,64188467362977286402662692565311743531875482545837492827189463523752835954949
1773902100,2026-03-19 06:30:00 UTC,2026-03-19 06:35:00 UTC,136,1773901936,2026-03-19 06:32:16 UTC,18.0,83.5,70691.16,btc-updown-5m-1773901800,3839770525058904782371158074703495872594580995415957728874275490225403429748,64188467362977286402662692565311743531875482545837492827189463523752835954949
1773902100,2026-03-19 06:30:00 UTC,2026-03-19 06:35:00 UTC,137,1773901937,2026-03-19 06:32:17 UTC,17.5,82.0,70691.16,btc-updown-5m-1773901800,3839770525058904782371158074703495872594580995415957728874275490225403429748,64188467362977286402662692565311743531875482545837492827189463523752835954949
1773902100,2026-03-19 06:30:00 UTC,2026-03-19 06:35:00 UTC,138,1773901938,2026-03-19 06:32:18 UTC,20.5,80.5,70691.15,btc-updown-5m-1773901800,3839770525058904782371158074703495872594580995415957728874275490225403429748,64188467362977286402662692565311743531875482545837492827189463523752835954949
1773902100,2026-03-19 06:30:00 UTC,2026-03-19 06:35:00 UTC,139,1773901939,2026-03-19 06:32:19 UTC,19.5,80.5,70691.15,btc-updown-5m-1773901800,3839770525058904782371158074703495872594580995415957728874275490225403429748,64188467362977286402662692565311743531875482545837492827189463523752835954949
1773902100,2026-03-19 06:30:00 UTC,2026-03-19 06:35:00 UTC,140,1773901940,2026-03-19 06:32:20 UTC,21.5,76.0,70694.71,btc-updown-5m-1773901800,3839770525058904782371158074703495872594580995415957728874275490225403429748,64188467362977286402662692565311743531875482545837492827189463523752835954949
1773902100,2026-03-19 06:30:00 UTC,2026-03-19 06:35:00 UTC,141,1773901941,2026-03-19 06:32:21 UTC,24.5,75.5,70694.71,btc-updown-5m-1773901800,3839770525058904782371158074703495872594580995415957728874275490225403429748,64188467362977286402662692565311743531875482545837492827189463523752835954949
1773902100,2026-03-19 06:30:00 UTC,2026-03-19 06:35:00 UTC,142,1773901942,2026-03-19 06:32:22 UTC,24.5,75.5,70694.72,btc-updown-5m-1773901800,3839770525058904782371158074703495872594580995415957728874275490225403429748,64188467362977286402662692565311743531875482545837492827189463523752835954949
1773902100,2026-03-19 06:30:00 UTC,2026-03-19 06:35:00 UTC,143,1773901943,2026-03-19 06:32:23 UTC,24.5,75.5,70694.71,btc-updown-5m-1773901800,3839770525058904782371158074703495872594580995415957728874275490225403429748,64188467362977286402662692565311743531875482545837492827189463523752835954949
1773902100,2026-03-19 06:30:00 UTC,2026-03-19 06:35:00 UTC,144,1773901944,2026-03-19 06:32:24 UTC,28.5,72.5,70694.71,btc-updown-5m-1773901800,3839770525058904782371158074703495872594580995415957728874275490225403429748,64188467362977286402662692565311743531875482545837492827189463523752835954949
1773902100,2026-03-19 06:30:00 UTC,2026-03-19 06:35:00 UTC,145,1773901945,2026-03-19 06:32:25 UTC,27.5,71.0,70697.18,btc-updown-5m-1773901800,3839770525058904782371158074703495872594580995415957728874275490225403429748,64188467362977286402662692565311743531875482545837492827189463523752835954949
1773902100,2026-03-19 06:30:00 UTC,2026-03-19 06:35:00 UTC,146,1773901946,2026-03-19 06:32:26 UTC,29.5,70.5,70697.17,btc-updown-5m-1773901800,3839770525058904782371158074703495872594580995415957728874275490225403429748,64188467362977286402662692565311743531875482545837492827189463523752835954949
1773902100,2026-03-19 06:30:00 UTC,2026-03-19 06:35:00 UTC,147,1773901947,2026-03-19 06:32:27 UTC,29.5,70.5,70697.18,btc-updown-5m-1773901800,3839770525058904782371158074703495872594580995415957728874275490225403429748,64188467362977286402662692565311743531875482545837492827189463523752835954949
1773902100,2026-03-19 06:30:00 UTC,2026-03-19 06:35:00 UTC,148,1773901948,2026-03-19 06:32:28 UTC,29.5,70.5,70697.18,btc-updown-5m-1773901800,3839770525058904782371158074703495872594580995415957728874275490225403429748,64188467362977286402662692565311743531875482545837492827189463523752835954949
1773902100,2026-03-19 06:30:00 UTC,2026-03-19 06:35:00 UTC,149,1773901949,2026-03-19 06:32:29 UTC,28.5,71.5,70697.18,btc-updown-5m-1773901800,3839770525058904782371158074703495872594580995415957728874275490225403429748,64188467362977286402662692565311743531875482545837492827189463523752835954949
1773902100,2026-03-19 06:30:00 UTC,2026-03-19 06:35:00 UTC,150,1773901950,2026-03-19 06:32:30 UTC,30.5,66.0,70713.25,btc-updown-5m-1773901800,3839770525058904782371158074703495872594580995415957728874275490225403429748,64188467362977286402662692565311743531875482545837492827189463523752835954949
1773902100,2026-03-19 06:30:00 UTC,2026-03-19 06:35:00 UTC,151,1773901951,2026-03-19 06:32:31 UTC,35.5,61.0,70720.83,btc-updown-5m-1773901800,3839770525058904782371158074703495872594580995415957728874275490225403429748,64188467362977286402662692565311743531875482545837492827189463523752835954949
1773902100,2026-03-19 06:30:00 UTC,2026-03-19 06:35:00 UTC,152,1773901952,2026-03-19 06:32:32 UTC,40.5,59.0,70720.82,btc-updown-5m-1773901800,3839770525058904782371158074703495872594580995415957728874275490225403429748,64188467362977286402662692565311743531875482545837492827189463523752835954949
1773902100,2026-03-19 06:30:00 UTC,2026-03-19 06:35:00 UTC,153,1773901953,2026-03-19 06:32:33 UTC,45.0,57.5,70720.82,btc-updown-5m-1773901800,3839770525058904782371158074703495872594580995415957728874275490225403429748,64188467362977286402662692565311743531875482545837492827189463523752835954949
1773902100,2026-03-19 06:30:00 UTC,2026-03-19 06:35:00 UTC,154,1773901954,2026-03-19 06:32:34 UTC,44.5,55.5,70720.82,btc-updown-5m-1773901800,3839770525058904782371158074703495872594580995415957728874275490225403429748,64188467362977286402662692565311743531875482545837492827189463523752835954949
1773902100,2026-03-19 06:30:00 UTC,2026-03-19 06:35:00 UTC,155,1773901955,2026-03-19 06:32:35 UTC,44.5,55.5,70720.82,btc-updown-5m-1773901800,3839770525058904782371158074703495872594580995415957728874275490225403429748,64188467362977286402662692565311743531875482545837492827189463523752835954949
1773902100,2026-03-19 06:30:00 UTC,2026-03-19 06:35:00 UTC,156,1773901956,2026-03-19 06:32:36 UTC,45.5,54.5,70720.83,btc-updown-5m-1773901800,3839770525058904782371158074703495872594580995415957728874275490225403429748,64188467362977286402662692565311743531875482545837492827189463523752835954949
1773902100,2026-03-19 06:30:00 UTC,2026-03-19 06:35:00 UTC,157,1773901957,2026-03-19 06:32:37 UTC,44.5,55.5,70720.82,btc-updown-5m-1773901800,3839770525058904782371158074703495872594580995415957728874275490225403429748,64188467362977286402662692565311743531875482545837492827189463523752835954949
1773902100,2026-03-19 06:30:00 UTC,2026-03-19 06:35:00 UTC,158,1773901958,2026-03-19 06:32:38 UTC,43.5,56.5,70720.82,btc-updown-5m-1773901800,3839770525058904782371158074703495872594580995415957728874275490225403429748,64188467362977286402662692565311743531875482545837492827189463523752835954949
1773902100,2026-03-19 06:30:00 UTC,2026-03-19 06:35:00 UTC,159,1773901959,2026-03-19 06:32:39 UTC,43.5,56.5,70720.83,btc-updown-5m-1773901800,3839770525058904782371158074703495872594580995415957728874275490225403429748,64188467362977286402662692565311743531875482545837492827189463523752835954949
1773902100,2026-03-19 06:30:00 UTC,2026-03-19 06:35:00 UTC,160,1773901960,2026-03-19 06:32:40 UTC,42.5,57.5,70720.82,btc-updown-5m-1773901800,3839770525058904782371158074703495872594580995415957728874275490225403429748,64188467362977286402662692565311743531875482545837492827189463523752835954949
1773902100,2026-03-19 06:30:00 UTC,2026-03-19 06:35:00 UTC,161,1773901961,2026-03-19 06:32:41 UTC,42.5,56.5,70720.82,btc-updown-5m-1773901800,3839770525058904782371158074703495872594580995415957728874275490225403429748,64188467362977286402662692565311743531875482545837492827189463523752835954949
1773902100,2026-03-19 06:30:00 UTC,2026-03-19 06:35:00 UTC,162,1773901962,2026-03-19 06:32:42 UTC,44.5,55.5,70720.96,btc-updown-5m-1773901800,3839770525058904782371158074703495872594580995415957728874275490225403429748,64188467362977286402662692565311743531875482545837492827189463523752835954949
1773902100,2026-03-19 06:30:00 UTC,2026-03-19 06:35:00 UTC,163,1773901963,2026-03-19 06:32:43 UTC,48.0,52.5,70725.92,btc-updown-5m-1773901800,3839770525058904782371158074703495872594580995415957728874275490225403429748,64188467362977286402662692565311743531875482545837492827189463523752835954949
1773902100,2026-03-19 06:30:00 UTC,2026-03-19 06:35:00 UTC,164,1773901964,2026-03-19 06:32:44 UTC,43.5,56.5,70725.92,btc-updown-5m-1773901800,3839770525058904782371158074703495872594580995415957728874275490225403429748,64188467362977286402662692565311743531875482545837492827189463523752835954949
1773902100,2026-03-19 06:30:00 UTC,2026-03-19 06:35:00 UTC,165,1773901965,2026-03-19 06:32:45 UTC,43.5,56.5,70725.91,btc-updown-5m-1773901800,3839770525058904782371158074703495872594580995415957728874275490225403429748,64188467362977286402662692565311743531875482545837492827189463523752835954949
1773902100,2026-03-19 06:30:00 UTC,2026-03-19 06:35:00 UTC,166,1773901966,2026-03-19 06:32:46 UTC,43.5,56.5,70725.91,btc-updown-5m-1773901800,3839770525058904782371158074703495872594580995415957728874275490225403429748,64188467362977286402662692565311743531875482545837492827189463523752835954949
1773902100,2026-03-19 06:30:00 UTC,2026-03-19 06:35:00 UTC,167,1773901967,2026-03-19 06:32:47 UTC,43.5,58.0,70721.45,btc-updown-5m-1773901800,3839770525058904782371158074703495872594580995415957728874275490225403429748,64188467362977286402662692565311743531875482545837492827189463523752835954949
1773902100,2026-03-19 06:30:00 UTC,2026-03-19 06:35:00 UTC,168,1773901968,2026-03-19 06:32:48 UTC,40.5,59.5,70721.45,btc-updown-5m-1773901800,3839770525058904782371158074703495872594580995415957728874275490225403429748,64188467362977286402662692565311743531875482545837492827189463523752835954949
1773902100,2026-03-19 06:30:00 UTC,2026-03-19 06:35:00 UTC,169,1773901969,2026-03-19 06:32:49 UTC,35.5,64.5,70721.45,btc-updown-5m-1773901800,3839770525058904782371158074703495872594580995415957728874275490225403429748,64188467362977286402662692565311743531875482545837492827189463523752835954949
1773902100,2026-03-19 06:30:00 UTC,2026-03-19 06:35:00 UTC,170,1773901970,2026-03-19 06:32:50 UTC,39.0,59.0,70721.45,btc-updown-5m-1773901800,3839770525058904782371158074703495872594580995415957728874275490225403429748,64188467362977286402662692565311743531875482545837492827189463523752835954949
1773902100,2026-03-19 06:30:00 UTC,2026-03-19 06:35:00 UTC,171,1773901971,2026-03-19 06:32:51 UTC,41.5,58.5,70721.44,btc-updown-5m-1773901800,3839770525058904782371158074703495872594580995415957728874275490225403429748,64188467362977286402662692565311743531875482545837492827189463523752835954949
1773902100,2026-03-19 06:30:00 UTC,2026-03-19 06:35:00 UTC,172,1773901972,2026-03-19 06:32:52 UTC,41.5,58.5,70721.44,btc-updown-5m-1773901800,3839770525058904782371158074703495872594580995415957728874275490225403429748,64188467362977286402662692565311743531875482545837492827189463523752835954949
1773902100,2026-03-19 06:30:00 UTC,2026-03-19 06:35:00 UTC,173,1773901973,2026-03-19 06:32:53 UTC,41.5,58.5,70721.44,btc-updown-5m-1773901800,3839770525058904782371158074703495872594580995415957728874275490225403429748,64188467362977286402662692565311743531875482545837492827189463523752835954949
1773902100,2026-03-19 06:30:00 UTC,2026-03-19 06:35:00 UTC,174,1773901974,2026-03-19 06:32:54 UTC,41.5,58.5,70721.44,btc-updown-5m-1773901800,3839770525058904782371158074703495872594580995415957728874275490225403429748,64188467362977286402662692565311743531875482545837492827189463523752835954949
1773902100,2026-03-19 06:30:00 UTC,2026-03-19 06:35:00 UTC,175,1773901975,2026-03-19 06:32:55 UTC,41.5,58.5,70721.45,btc-updown-5m-1773901800,3839770525058904782371158074703495872594580995415957728874275490225403429748,64188467362977286402662692565311743531875482545837492827189463523752835954949
1773902100,2026-03-19 06:30:00 UTC,2026-03-19 06:35:00 UTC,176,1773901976,2026-03-19 06:32:56 UTC,42.0,58.5,70721.44,btc-updown-5m-1773901800,3839770525058904782371158074703495872594580995415957728874275490225403429748,64188467362977286402662692565311743531875482545837492827189463523752835954949
1773902100,2026-03-19 06:30:00 UTC,2026-03-19 06:35:00 UTC,177,1773901977,2026-03-19 06:32:57 UTC,41.5,58.5,70721.44,btc-updown-5m-1773901800,3839770525058904782371158074703495872594580995415957728874275490225403429748,64188467362977286402662692565311743531875482545837492827189463523752835954949
1773902100,2026-03-19 06:30:00 UTC,2026-03-19 06:35:00 UTC,178,1773901978,2026-03-19 06:32:58 UTC,41.5,59.5,70714.79,btc-updown-5m-1773901800,3839770525058904782371158074703495872594580995415957728874275490225403429748,64188467362977286402662692565311743531875482545837492827189463523752835954949
1773902100,2026-03-19 06:30:00 UTC,2026-03-19 06:35:00 UTC,179,1773901979,2026-03-19 06:32:59 UTC,30.5,69.5,70708.52,btc-updown-5m-1773901800,3839770525058904782371158074703495872594580995415957728874275490225403429748,64188467362977286402662692565311743531875482545837492827189463523752835954949
1773902100,2026-03-19 06:30:00 UTC,2026-03-19 06:35:00 UTC,180,1773901980,2026-03-19 06:33:00 UTC,28.5,74.0,70708.52,btc-updown-5m-1773901800,3839770525058904782371158074703495872594580995415957728874275490225403429748,64188467362977286402662692565311743531875482545837492827189463523752835954949
1773902100,2026-03-19 06:30:00 UTC,2026-03-19 06:35:00 UTC,181,1773901981,2026-03-19 06:33:01 UTC,24.5,75.5,70708.53,btc-updown-5m-1773901800,3839770525058904782371158074703495872594580995415957728874275490225403429748,64188467362977286402662692565311743531875482545837492827189463523752835954949
1773902100,2026-03-19 06:30:00 UTC,2026-03-19 06:35:00 UTC,182,1773901982,2026-03-19 06:33:02 UTC,24.5,75.5,70708.53,btc-updown-5m-1773901800,3839770525058904782371158074703495872594580995415957728874275490225403429748,64188467362977286402662692565311743531875482545837492827189463523752835954949
1773902100,2026-03-19 06:30:00 UTC,2026-03-19 06:35:00 UTC,183,1773901983,2026-03-19 06:33:03 UTC,24.5,79.5,70700.94,btc-updown-5m-1773901800,3839770525058904782371158074703495872594580995415957728874275490225403429748,64188467362977286402662692565311743531875482545837492827189463523752835954949
1773902100,2026-03-19 06:30:00 UTC,2026-03-19 06:35:00 UTC,184,1773901984,2026-03-19 06:33:04 UTC,20.5,79.5,70693.56,btc-updown-5m-1773901800,3839770525058904782371158074703495872594580995415957728874275490225403429748,64188467362977286402662692565311743531875482545837492827189463523752835954949
1773902100,2026-03-19 06:30:00 UTC,2026-03-19 06:35:00 UTC,185,1773901985,2026-03-19 06:33:05 UTC,17.5,81.5,70693.56,btc-updown-5m-1773901800,3839770525058904782371158074703495872594580995415957728874275490225403429748,64188467362977286402662692565311743531875482545837492827189463523752835954949
1773902100,2026-03-19 06:30:00 UTC,2026-03-19 06:35:00 UTC,186,1773901986,2026-03-19 06:33:06 UTC,19.5,81.5,70693.55,btc-updown-5m-1773901800,3839770525058904782371158074703495872594580995415957728874275490225403429748,64188467362977286402662692565311743531875482545837492827189463523752835954949
1773902100,2026-03-19 06:30:00 UTC,2026-03-19 06:35:00 UTC,187,1773901987,2026-03-19 06:33:07 UTC,19.5,81.5,70693.55,btc-updown-5m-1773901800,3839770525058904782371158074703495872594580995415957728874275490225403429748,64188467362977286402662692565311743531875482545837492827189463523752835954949
1773902100,2026-03-19 06:30:00 UTC,2026-03-19 06:35:00 UTC,188,1773901988,2026-03-19 06:33:08 UTC,17.5,82.5,70693.55,btc-updown-5m-1773901800,3839770525058904782371158074703495872594580995415957728874275490225403429748,64188467362977286402662692565311743531875482545837492827189463523752835954949
1773902100,2026-03-19 06:30:00 UTC,2026-03-19 06:35:00 UTC,189,1773901989,2026-03-19 06:33:09 UTC,17.5,82.5,70693.55,btc-updown-5m-1773901800,3839770525058904782371158074703495872594580995415957728874275490225403429748,64188467362977286402662692565311743531875482545837492827189463523752835954949
1773902100,2026-03-19 06:30:00 UTC,2026-03-19 06:35:00 UTC,190,1773901990,2026-03-19 06:33:10 UTC,19.5,80.5,70693.56,btc-updown-5m-1773901800,3839770525058904782371158074703495872594580995415957728874275490225403429748,64188467362977286402662692565311743531875482545837492827189463523752835954949
1773902100,2026-03-19 06:30:00 UTC,2026-03-19 06:35:00 UTC,191,1773901991,2026-03-19 06:33:11 UTC,19.5,81.5,70693.55,btc-updown-5m-1773901800,3839770525058904782371158074703495872594580995415957728874275490225403429748,64188467362977286402662692565311743531875482545837492827189463523752835954949
1773902100,2026-03-19 06:30:00 UTC,2026-03-19 06:35:00 UTC,192,1773901992,2026-03-19 06:33:12 UTC,17.5,82.5,70693.56,btc-updown-5m-1773901800,3839770525058904782371158074703495872594580995415957728874275490225403429748,64188467362977286402662692565311743531875482545837492827189463523752835954949
1773902100,2026-03-19 06:30:00 UTC,2026-03-19 06:35:00 UTC,193,1773901993,2026-03-19 06:33:13 UTC,16.5,83.5,70693.55,btc-updown-5m-1773901800,3839770525058904782371158074703495872594580995415957728874275490225403429748,64188467362977286402662692565311743531875482545837492827189463523752835954949
1773902100,2026-03-19 06:30:00 UTC,2026-03-19 06:35:00 UTC,194,1773901994,2026-03-19 06:33:14 UTC,17.0,83.5,70693.55,btc-updown-5m-1773901800,3839770525058904782371158074703495872594580995415957728874275490225403429748,64188467362977286402662692565311743531875482545837492827189463523752835954949
1773902100,2026-03-19 06:30:00 UTC,2026-03-19 06:35:00 UTC,195,1773901995,2026-03-19 06:33:15 UTC,17.5,82.5,70693.56,btc-updown-5m-1773901800,3839770525058904782371158074703495872594580995415957728874275490225403429748,64188467362977286402662692565311743531875482545837492827189463523752835954949
1773902100,2026-03-19 06:30:00 UTC,2026-03-19 06:35:00 UTC,196,1773901996,2026-03-19 06:33:16 UTC,16.0,83.5,70693.56,btc-updown-5m-1773901800,3839770525058904782371158074703495872594580995415957728874275490225403429748,64188467362977286402662692565311743531875482545837492827189463523752835954949
1773902100,2026-03-19 06:30:00 UTC,2026-03-19 06:35:00 UTC,197,1773901997,2026-03-19 06:33:17 UTC,15.5,83.0,70693.55,btc-updown-5m-1773901800,3839770525058904782371158074703495872594580995415957728874275490225403429748,64188467362977286402662692565311743531875482545837492827189463523752835954949
1773902100,2026-03-19 06:30:00 UTC,2026-03-19 06:35:00 UTC,198,1773901998,2026-03-19 06:33:18 UTC,16.5,83.5,70693.55,btc-updown-5m-1773901800,3839770525058904782371158074703495872594580995415957728874275490225403429748,64188467362977286402662692565311743531875482545837492827189463523752835954949
1773902100,2026-03-19 06:30:00 UTC,2026-03-19 06:35:00 UTC,199,1773901999,2026-03-19 06:33:19 UTC,17.5,81.5,70693.55,btc-updown-5m-1773901800,3839770525058904782371158074703495872594580995415957728874275490225403429748,64188467362977286402662692565311743531875482545837492827189463523752835954949
1773902100,2026-03-19 06:30:00 UTC,2026-03-19 06:35:00 UTC,200,1773902000,2026-03-19 06:33:20 UTC,18.5,81.5,70693.55,btc-updown-5m-1773901800,3839770525058904782371158074703495872594580995415957728874275490225403429748,64188467362977286402662692565311743531875482545837492827189463523752835954949
1773902100,2026-03-19 06:30:00 UTC,2026-03-19 06:35:00 UTC,201,1773902001,2026-03-19 06:33:21 UTC,19.5,80.5,70693.55,btc-updown-5m-1773901800,3839770525058904782371158074703495872594580995415957728874275490225403429748,64188467362977286402662692565311743531875482545837492827189463523752835954949
1773902100,2026-03-19 06:30:00 UTC,2026-03-19 06:35:00 UTC,202,1773902002,2026-03-19 06:33:22 UTC,19.5,80.5,70693.55,btc-updown-5m-1773901800,3839770525058904782371158074703495872594580995415957728874275490225403429748,64188467362977286402662692565311743531875482545837492827189463523752835954949
1773902100,2026-03-19 06:30:00 UTC,2026-03-19 06:35:00 UTC,203,1773902003,2026-03-19 06:33:23 UTC,18.5,81.5,70693.55,btc-updown-5m-1773901800,3839770525058904782371158074703495872594580995415957728874275490225403429748,64188467362977286402662692565311743531875482545837492827189463523752835954949
1773902100,2026-03-19 06:30:00 UTC,2026-03-19 06:35:00 UTC,204,1773902004,2026-03-19 06:33:24 UTC,18.5,81.0,70693.56,btc-updown-5m-1773901800,3839770525058904782371158074703495872594580995415957728874275490225403429748,64188467362977286402662692565311743531875482545837492827189463523752835954949
1773902100,2026-03-19 06:30:00 UTC,2026-03-19 06:35:00 UTC,205,1773902005,2026-03-19 06:33:25 UTC,18.5,81.0,70693.56,btc-updown-5m-1773901800,3839770525058904782371158074703495872594580995415957728874275490225403429748,64188467362977286402662692565311743531875482545837492827189463523752835954949
1773902100,2026-03-19 06:30:00 UTC,2026-03-19 06:35:00 UTC,206,1773902006,2026-03-19 06:33:26 UTC,18.5,81.5,70693.55,btc-updown-5m-1773901800,3839770525058904782371158074703495872594580995415957728874275490225403429748,64188467362977286402662692565311743531875482545837492827189463523752835954949
1773902100,2026-03-19 06:30:00 UTC,2026-03-19 06:35:00 UTC,207,1773902007,2026-03-19 06:33:27 UTC,18.5,81.5,70693.55,btc-updown-5m-1773901800,3839770525058904782371158074703495872594580995415957728874275490225403429748,64188467362977286402662692565311743531875482545837492827189463523752835954949
1773902100,2026-03-19 06:30:00 UTC,2026-03-19 06:35:00 UTC,208,1773902008,2026-03-19 06:33:28 UTC,18.5,81.5,70693.56,btc-updown-5m-1773901800,3839770525058904782371158074703495872594580995415957728874275490225403429748,64188467362977286402662692565311743531875482545837492827189463523752835954949
1773902100,2026-03-19 06:30:00 UTC,2026-03-19 06:35:00 UTC,209,1773902009,2026-03-19 06:33:29 UTC,18.5,81.5,70693.56,btc-updown-5m-1773901800,3839770525058904782371158074703495872594580995415957728874275490225403429748,64188467362977286402662692565311743531875482545837492827189463523752835954949
1773902100,2026-03-19 06:30:00 UTC,2026-03-19 06:35:00 UTC,210,1773902010,2026-03-19 06:33:30 UTC,18.5,81.5,70693.55,btc-updown-5m-1773901800,3839770525058904782371158074703495872594580995415957728874275490225403429748,64188467362977286402662692565311743531875482545837492827189463523752835954949
1773902100,2026-03-19 06:30:00 UTC,2026-03-19 06:35:00 UTC,211,1773902011,2026-03-19 06:33:31 UTC,18.5,81.5,70693.55,btc-updown-5m-1773901800,3839770525058904782371158074703495872594580995415957728874275490225403429748,64188467362977286402662692565311743531875482545837492827189463523752835954949
